;Value;Score
LCOMOnto;-0.0;5
WMCOnto2;0.0;5
DITOnto;0.0;1
NACOnto;0.9649122807017544;1
NOCOnto;2.1052631578947367;5
CBOOnto;0.9605263157894737;1
RFCOnto;1.1710526315789473;5
NOMOnto;0.21052631578947367;5
RROnto;0.7142857142857143;4
PROnto;0.2857142857142857;2
AROnto;0.10526315789473684;1
INROnto;0.5263157894736842;3
ANOnto;1.0263157894736843;5
TMOnto2;0.9605263157894737;5
