;Value;Score
LCOMOnto;-0.0;5
WMCOnto2;0.0;5
DITOnto;0.0;1
NACOnto;0.9326186830015314;1
NOCOnto;3.6200873362445414;4
CBOOnto;0.9399092970521542;1
RFCOnto;1.4773242630385488;5
NOMOnto;0.5374149659863946;5
RROnto;0.6362240982348427;4
PROnto;0.36377590176515734;2
AROnto;0.5351473922902494;3
INROnto;0.9399092970521542;5
ANOnto;1.981859410430839;5
TMOnto2;0.9399092970521542;5
