;Value;Score
LCOMOnto;2.0;5
WMCOnto2;0.6666666666666666;5
DITOnto;2.0;5
NACOnto;0.5;1
NOCOnto;1.0;5
CBOOnto;1.0;5
RFCOnto;3.7142857142857144;4
NOMOnto;3.142857142857143;4
RROnto;0.043478260869565216;1
PROnto;0.9565217391304348;5
AROnto;0.0;1
INROnto;0.14285714285714285;1
ANOnto;1.8571428571428572;5
TMOnto2;0.5714285714285714;5
