;Value;Score
LCOMOnto;-0.0;5
WMCOnto2;0.0;5
DITOnto;0.0;1
NACOnto;1.125;5
NOCOnto;0.189873417721519;1
CBOOnto;0.25263157894736843;1
RFCOnto;1.631578947368421;5
NOMOnto;1.3789473684210527;5
RROnto;0.10273972602739725;1
PROnto;0.8972602739726028;5
AROnto;0.0;1
INROnto;0.15789473684210525;1
ANOnto;0.7473684210526316;4
TMOnto2;0.25263157894736843;5
