;Value;Score
LCOMOnto;-0.0;5
WMCOnto2;0.0;5
DITOnto;0.0;1
NACOnto;0.6666666666666666;1
NOCOnto;1.0;5
CBOOnto;0.5555555555555556;1
RFCOnto;3.4444444444444446;4
NOMOnto;2.888888888888889;4
RROnto;0.10344827586206896;1
PROnto;0.896551724137931;5
AROnto;0.1111111111111111;1
INROnto;0.3333333333333333;2
ANOnto;12.777777777777779;5
TMOnto2;0.5555555555555556;5
