;Value;Score
LCOMOnto;-0.0;5
WMCOnto2;0.0;5
DITOnto;0.0;1
NACOnto;0.6666666666666666;1
NOCOnto;2.6666666666666665;5
CBOOnto;0.5333333333333333;1
RFCOnto;4.666666666666667;4
NOMOnto;4.133333333333334;3
RROnto;0.11428571428571428;1
PROnto;0.8857142857142857;5
AROnto;0.0;1
INROnto;0.5333333333333333;3
ANOnto;2.0;5
TMOnto2;0.5333333333333333;5
