;Value;Score
LCOMOnto;2.0;5
WMCOnto2;0.1111111111111111;5
DITOnto;1.0;5
NACOnto;0.7777777777777778;1
NOCOnto;1.6;5
CBOOnto;0.6923076923076923;1
RFCOnto;2.4285714285714284;5
NOMOnto;1.7857142857142858;5
RROnto;0.24242424242424243;2
PROnto;0.7575757575757576;4
AROnto;0.03571428571428571;1
INROnto;0.5714285714285714;3
ANOnto;1.6428571428571428;5
TMOnto2;0.6428571428571429;5
