;Value;Score
LCOMOnto;-0.0;5
WMCOnto2;0.0;5
DITOnto;0.0;1
NACOnto;1.2272262026612077;5
NOCOnto;2.5677966101694913;5
CBOOnto;1.0966183574879227;5
RFCOnto;3.3512767425810903;4
NOMOnto;2.2546583850931676;4
RROnto;0.27059611520428667;2
PROnto;0.7294038847957133;4
AROnto;1.3429951690821256;5
INROnto;0.8364389233954451;5
ANOnto;0.0;1
TMOnto2;1.0966183574879227;5
