;Value;Score
LCOMOnto;-0.0;5
WMCOnto2;0.0;5
DITOnto;0.0;1
NACOnto;0.9901960784313726;1
NOCOnto;6.302631578947368;3
CBOOnto;0.9896694214876033;1
RFCOnto;0.9896694214876033;1
NOMOnto;0.0;5
RROnto;1.0;5
PROnto;0.0;1
AROnto;0.0;1
INROnto;0.9896694214876033;5
ANOnto;6.2272727272727275;5
TMOnto2;0.9896694214876033;5
