;Value;Score
LCOMOnto;-0.0;5
WMCOnto2;0.0;5
DITOnto;0.0;1
NACOnto;1.0;5
NOCOnto;5.583333333333333;4
CBOOnto;1.0;5
RFCOnto;1.8309859154929577;5
NOMOnto;0.8309859154929577;5
RROnto;0.5317460317460317;3
PROnto;0.46825396825396826;3
AROnto;0.676056338028169;4
INROnto;0.9436619718309859;5
ANOnto;1.5070422535211268;5
TMOnto2;1.0;5
