;Value;Score
LCOMOnto;-0.0;5
WMCOnto2;0.0;5
DITOnto;0.0;1
NACOnto;0.7142857142857143;1
NOCOnto;2.5238095238095237;5
CBOOnto;0.6883116883116883;1
RFCOnto;1.4675324675324675;5
NOMOnto;0.7792207792207793;5
RROnto;0.4690265486725664;3
PROnto;0.5309734513274337;3
AROnto;0.5064935064935064;3
INROnto;0.6883116883116883;4
ANOnto;2.3766233766233764;5
TMOnto2;0.6883116883116883;5
