;Value;Score
LCOMOnto;-0.0;5
WMCOnto2;0.0;5
DITOnto;0.0;1
NACOnto;0.8387096774193549;1
NOCOnto;2.6;5
CBOOnto;0.6341463414634146;1
RFCOnto;1.6585365853658536;5
NOMOnto;1.024390243902439;5
RROnto;0.38235294117647056;2
PROnto;0.6176470588235294;4
AROnto;0.5365853658536586;3
INROnto;0.6341463414634146;4
ANOnto;0.0;1
TMOnto2;0.6341463414634146;5
