;Value;Score
LCOMOnto;-0.0;5
WMCOnto2;0.0;5
DITOnto;0.0;1
NACOnto;0.85;1
NOCOnto;2.1;5
CBOOnto;0.7;1
RFCOnto;0.7333333333333333;1
NOMOnto;0.03333333333333333;5
RROnto;0.9545454545454546;5
PROnto;0.045454545454545456;1
AROnto;0.7333333333333333;4
INROnto;0.7;4
ANOnto;2.3333333333333335;5
TMOnto2;0.7;5
