;Value;Score
LCOMOnto;-0.0;5
WMCOnto2;0.0;5
DITOnto;0.0;1
NACOnto;1.1506442021803767;5
NOCOnto;3.7715617715617715;4
CBOOnto;1.127260083449235;5
RFCOnto;1.139777468706537;5
NOMOnto;0.012517385257301807;5
RROnto;0.988997555012225;5
PROnto;0.011002444987775062;1
AROnto;0.0;1
INROnto;1.1251738525730182;5
ANOnto;0.952712100139082;5
TMOnto2;1.127260083449235;5
