;Value;Score
LCOMOnto;-0.0;5
WMCOnto2;0.0;5
DITOnto;0.0;1
NACOnto;0.7058823529411765;1
NOCOnto;2.4705882352941178;5
CBOOnto;0.6176470588235294;1
RFCOnto;1.6323529411764706;5
NOMOnto;1.0147058823529411;5
RROnto;0.3783783783783784;2
PROnto;0.6216216216216216;4
AROnto;1.0294117647058822;5
INROnto;0.6176470588235294;4
ANOnto;1.9705882352941178;5
TMOnto2;0.6176470588235294;5
