;Value;Score
LCOMOnto;-0.0;5
WMCOnto2;0.0;5
DITOnto;0.0;1
NACOnto;0.7931034482758621;1
NOCOnto;2.125;5
CBOOnto;0.7555555555555555;1
RFCOnto;1.6;5
NOMOnto;0.8444444444444444;5
RROnto;0.4722222222222222;3
PROnto;0.5277777777777778;3
AROnto;1.2;5
INROnto;0.7555555555555555;4
ANOnto;2.7111111111111112;5
TMOnto2;0.7555555555555555;5
