;Value;Score
LCOMOnto;4.96;3
WMCOnto2;8.857142857142858;3
DITOnto;7.0;2
NACOnto;0.9642857142857143;1
NOCOnto;1.2682926829268293;5
CBOOnto;0.6176470588235294;1
RFCOnto;1.710144927536232;5
NOMOnto;1.1014492753623188;5
RROnto;0.40625;3
PROnto;0.59375;3
AROnto;0.6666666666666666;4
INROnto;0.7536231884057971;4
ANOnto;2.318840579710145;5
TMOnto2;0.6086956521739131;5
