;Value;Score
LCOMOnto;-0.0;5
WMCOnto2;0.0;5
DITOnto;0.0;1
NACOnto;1.0;5
NOCOnto;3.12;4
CBOOnto;0.9504950495049505;1
RFCOnto;1.1782178217821782;5
NOMOnto;0.22772277227722773;5
RROnto;0.7722772277227723;4
PROnto;0.22772277227722773;2
AROnto;0.1782178217821782;1
INROnto;0.7722772277227723;4
ANOnto;1.3564356435643565;5
TMOnto2;0.9504950495049505;5
