;Value;Score
LCOMOnto;-0.0;5
WMCOnto2;0.0;5
DITOnto;0.0;1
NACOnto;0.6216216216216216;1
NOCOnto;2.1538461538461537;5
CBOOnto;0.54;1
RFCOnto;1.24;5
NOMOnto;0.7;5
RROnto;0.4444444444444444;3
PROnto;0.5555555555555556;3
AROnto;0.08;1
INROnto;0.56;3
ANOnto;1.52;5
TMOnto2;0.54;5
