;Value;Score
LCOMOnto;-0.0;5
WMCOnto2;0.0;5
DITOnto;0.0;1
NACOnto;0.9375;1
NOCOnto;1.25;5
CBOOnto;0.9166666666666666;1
RFCOnto;2.875;5
NOMOnto;1.9583333333333333;5
RROnto;0.17543859649122806;1
PROnto;0.8245614035087719;5
AROnto;0.08333333333333333;1
INROnto;0.4166666666666667;3
ANOnto;1.4166666666666667;5
TMOnto2;0.9166666666666666;5
