;Value;Score
LCOMOnto;-0.0;5
WMCOnto2;0.0;5
DITOnto;0.0;1
NACOnto;1.5454545454545454;5
NOCOnto;1.8571428571428572;5
CBOOnto;1.0;5
RFCOnto;3.0;5
NOMOnto;2.0;5
RROnto;0.2653061224489796;2
PROnto;0.7346938775510204;4
AROnto;0.2222222222222222;2
INROnto;0.7222222222222222;4
ANOnto;1.5555555555555556;5
TMOnto2;1.0;5
