;Value;Score
LCOMOnto;-0.0;5
WMCOnto2;0.0;5
DITOnto;0.0;1
NACOnto;0.18181818181818182;1
NOCOnto;2.0;5
CBOOnto;0.25;1
RFCOnto;1.1666666666666667;5
NOMOnto;0.9166666666666666;5
RROnto;0.15384615384615385;1
PROnto;0.8461538461538461;5
AROnto;0.0;1
INROnto;0.16666666666666666;1
ANOnto;3.1666666666666665;5
TMOnto2;0.25;5
