;Value;Score
LCOMOnto;-0.0;5
WMCOnto2;0.0;5
DITOnto;0.0;1
NACOnto;0.7916666666666666;1
NOCOnto;0.8571428571428571;1
CBOOnto;0.631578947368421;1
RFCOnto;1.8157894736842106;5
NOMOnto;1.1842105263157894;5
RROnto;0.21052631578947367;2
PROnto;0.7894736842105263;4
AROnto;0.05263157894736842;1
INROnto;0.3157894736842105;2
ANOnto;1.131578947368421;5
TMOnto2;0.631578947368421;5
