;Value;Score
LCOMOnto;-0.0;5
WMCOnto2;0.0;5
DITOnto;0.0;1
NACOnto;0.987012987012987;1
NOCOnto;5.71875;4
CBOOnto;0.9838709677419355;1
RFCOnto;0.9838709677419355;1
NOMOnto;0.0;5
RROnto;1.0;5
PROnto;0.0;1
AROnto;0.0;1
INROnto;0.9838709677419355;5
ANOnto;6.032258064516129;5
TMOnto2;0.9838709677419355;5
