;Value;Score
LCOMOnto;-0.0;5
WMCOnto2;0.0;5
DITOnto;0.0;1
NACOnto;0.13333333333333333;1
NOCOnto;1.0;5
CBOOnto;0.11764705882352941;1
RFCOnto;2.235294117647059;5
NOMOnto;2.1176470588235294;4
RROnto;0.05263157894736842;1
PROnto;0.9473684210526315;5
AROnto;1.1764705882352942;5
INROnto;0.11764705882352941;1
ANOnto;2.235294117647059;5
TMOnto2;0.11764705882352941;5
