;Value;Score
LCOMOnto;-0.0;5
WMCOnto2;0.0;5
DITOnto;0.0;1
NACOnto;0.9083333333333333;1
NOCOnto;6.4;3
CBOOnto;0.9142857142857143;1
RFCOnto;0.9142857142857143;1
NOMOnto;0.0;5
RROnto;1.0;5
PROnto;0.0;1
AROnto;0.22857142857142856;2
INROnto;0.9142857142857143;5
ANOnto;1.1428571428571428;5
TMOnto2;0.9142857142857143;5
