;Value;Score
LCOMOnto;-0.0;5
WMCOnto2;0.0;5
DITOnto;0.0;1
NACOnto;1.2345679012345678;5
NOCOnto;2.3013698630136985;5
CBOOnto;1.0909090909090908;5
RFCOnto;1.0909090909090908;5
NOMOnto;0.0;5
RROnto;1.0;5
PROnto;0.0;1
AROnto;0.0;1
INROnto;1.0909090909090908;5
ANOnto;1.1103896103896105;5
TMOnto2;1.0909090909090908;5
