;Value;Score
LCOMOnto;-0.0;5
WMCOnto2;0.0;5
DITOnto;0.0;1
NACOnto;1.0;5
NOCOnto;0.7314814814814815;1
CBOOnto;0.5034013605442177;1
RFCOnto;2.1904761904761907;5
NOMOnto;1.6870748299319729;5
RROnto;0.2415902140672783;2
PROnto;0.7584097859327217;4
AROnto;0.20408163265306123;2
INROnto;0.5374149659863946;3
ANOnto;0.9591836734693877;5
TMOnto2;0.5034013605442177;5
