;Value;Score
LCOMOnto;4.181466395112016;3
WMCOnto2;18.647593097184377;1
DITOnto;7.0;2
NACOnto;2.7329700272479562;4
NOCOnto;3.634819532908705;4
CBOOnto;1.682531894013739;5
RFCOnto;1.6784140969162995;5
NOMOnto;0.0;5
RROnto;1.0;5
PROnto;0.0;1
AROnto;0.3832599118942731;2
INROnto;1.6759667156142928;5
ANOnto;0.8932941752325012;5
TMOnto2;1.6784140969162995;5
