;Value;Score
LCOMOnto;-0.0;5
WMCOnto2;0.0;5
DITOnto;0.0;1
NACOnto;0.921875;1
NOCOnto;3.5789473684210527;4
CBOOnto;0.8192771084337349;1
RFCOnto;1.5180722891566265;5
NOMOnto;0.6987951807228916;5
RROnto;0.5396825396825397;3
PROnto;0.4603174603174603;3
AROnto;0.8313253012048193;5
INROnto;0.8192771084337349;5
ANOnto;1.9518072289156627;5
TMOnto2;0.8192771084337349;5
