;Value;Score
LCOMOnto;-0.0;5
WMCOnto2;0.0;5
DITOnto;0.0;1
NACOnto;1.0;5
NOCOnto;3.3157894736842106;4
CBOOnto;1.0289855072463767;5
RFCOnto;2.2753623188405796;5
NOMOnto;1.2463768115942029;5
RROnto;0.4228187919463087;3
PROnto;0.5771812080536913;3
AROnto;0.043478260869565216;1
INROnto;0.9130434782608695;5
ANOnto;1.681159420289855;5
TMOnto2;1.0289855072463767;5
